EMPLID,DEPTID,ACCT_CD,PAY_END_DT,O_SAL_AMT,O_TEMP_AMT,O_OVT_AMT,O_FRINGE_TOT,O_AUTO_ALLOW,O_WC_PAID,O_SUI_PAID,O_UNIFORM_ALLOW,O_DIS_INS,O_FIRE_HOL,O_SPECIAL_MEETING
14991,21,1019,1/10/15 0:00,4536.17,0,1467.17,4660.76,0,603.34,36.02,0,0,0,0
14991,21,1019,1/24/15 0:00,4536.17,0,567.02,2883.02,0,455.89,27.22,0,0,0,0
14991,21,1019,2/7/15 0:00,4536.17,0,318.95,4025.03,0,455.89,27.21,0,0,0,0
14991,21,1019,2/21/15 0:00,4536.17,0,2076.71,4411.69,0,541.36,32.32,0,0,0,0
14991,21,1019,3/7/15 0:00,4536.17,0,1126.95,4027.5,0,455.89,27.22,0,0,0,0
14991,21,1019,3/21/15 0:00,4536.16,0,191.37,4036.75,0,455.88,27.22,0,0,0,0
14991,21,1019,4/4/15 0:00,4536.17,0,212.63,4015.79,0,455.89,27.22,0,0,0,0
14991,21,1019,4/18/15 0:00,4536.17,0,0,4027.81,0,455.89,27.21,0,0,0,0
14991,21,1019,5/2/15 0:00,4536.17,0,361.48,4016.4,0,455.89,27.22,0,0,0,0
14991,21,1019,5/16/15 0:00,4536.17,0,0,4011.16,0,455.89,27.22,0,0,0,0
14991,21,1019,5/30/15 0:00,7938.3,0,567.02,4075.5,0,455.89,27.21,0,0,0,0
14991,21,1019,6/13/15 0:00,4536.17,0,1134.04,4027.61,0,455.89,27.22,0,0,0,0
14991,21,1019,6/27/15 0:00,4536.17,0,1452.99,4038.39,0,455.89,27.22,0,0,0,0
14991,21,1019,7/11/15 0:00,4252.66,0,850.53,4405.09,0,512.87,30.62,0,0,0,0
14991,21,1019,7/25/15 0:00,4762.98,0,0,3043.2,0,478.68,28.57,0,0,0,0
14991,21,1019,8/8/15 0:00,5060.66,0,446.53,4416.63,0,508.6,30.37,0,0,0,0
14991,21,1019,8/22/15 0:00,4762.98,0,1190.74,4226.08,0,478.68,28.58,0,0,0,0
14991,21,1019,9/5/15 0:00,4762.97,0,0,4218.85,0,478.68,28.57,0,0,0,0
14991,21,1019,9/19/15 0:00,4762.98,0,595.37,4243.35,0,478.68,28.58,0,0,0,0
14991,21,1019,10/3/15 0:00,4762.98,0,1190.74,4226.72,0,478.68,28.58,0,0,0,0
14991,21,1019,10/17/15 0:00,4762.98,0,907.94,4223.28,0,478.68,28.58,0,0,0,0
14991,21,1019,10/31/15 0:00,4762.98,0,0,4631.11,0,574.16,28.58,950,0,0,0
14991,21,1019,11/14/15 0:00,4762.98,0,2083.8,4622.26,0,568.43,33.93,0,0,0,0
14991,21,1019,11/28/15 0:00,4762.97,0,0,4223.38,0,478.68,28.58,0,0,0,0
14991,21,1019,12/12/15 0:00,4762.98,0,0,4218.85,0,478.68,28.58,0,0,0,0
14991,21,1019,12/26/15 0:00,4762.97,0,893.06,3439.39,0,568.43,33.93,0,0,0,0
14991,21,1019,1/9/16 0:00,4762.97,0,2976.86,5046.31,0,658.18,39.29,0,0,0,0
14991,21,1019,1/23/16 0:00,4762.98,0,595.37,4263.46,0,478.68,28.58,0,0,0,0
14991,21,1019,2/6/16 0:00,4762.97,0,0,4230.22,0,478.68,28.58,0,0,0,0
14991,21,1019,2/20/16 0:00,4762.97,0,1488.43,4644.75,0,568.43,33.94,0,0,0,0
14991,21,1019,3/5/16 0:00,4762.97,0,0,4230.22,0,478.68,28.57,0,0,0,0
14991,21,1019,3/19/16 0:00,4871.47,0,0,4316.69,0,489.58,29.23,0,0,0,0
14991,21,1019,4/2/16 0:00,4871.47,0,0,4299.47,0,489.58,29.23,0,0,0,0
14991,21,1019,4/16/16 0:00,4871.47,0,0,4299.47,0,489.58,29.23,0,0,0,0
14991,21,1019,4/30/16 0:00,4871.47,0,0,4318.68,0,489.58,29.23,0,0,0,0
14991,21,1019,5/14/16 0:00,4871.47,0,114.18,4301.13,0,489.58,29.23,0,0,0,0
14991,21,1019,5/28/16 0:00,8525.07,0,91.34,4393.5,0,489.58,29.23,0,0,0,0
14991,21,1019,6/11/16 0:00,4871.47,0,1826.8,4347.49,0,489.58,29.23,0,0,0,0
14991,21,1019,6/25/16 0:00,4871.47,0,0,4304.11,0,489.58,29.22,0,0,0,0
14991,21,1019,7/9/16 0:00,4871.47,0,3059.89,4932.73,0,581.38,34.71,0,0,0,0
14991,21,1021,3/21/15 0:00,0,0,85.05,0,0,0,0,0,0,0,0
14991,21,1021,8/22/15 0:00,0,0,491.18,0,0,0,0,0,0,0,0
14991,21,1021,9/5/15 0:00,0,0,379.55,0,0,0,0,0,0,0,0
14991,21,1021,10/3/15 0:00,0,0,89.3,0,0,0,0,0,0,0,0
14991,21,1021,10/17/15 0:00,0,0,89.31,0,0,0,0,0,0,0,0
14991,21,1021,10/31/15 0:00,0,0,312.57,0,0,0,0,0,0,0,0
14991,21,1021,11/14/15 0:00,0,0,267.92,0,0,0,0,0,0,0,0
14991,21,1021,11/28/15 0:00,0,0,1049.34,0,0,0,0,0,0,0,0
14991,21,1021,1/23/16 0:00,0,0,535.83,0,0,0,0,0,0,0,0
14991,21,1021,7/23/16 0:00,5570.46,0,7450.5,3738.4,0,559.83,33.43,0,0,0,0
14991,21,1021,8/6/16 0:00,5570.46,0,261.12,4824.41,0,559.83,33.42,0,0,0,0
14991,21,1021,8/20/16 0:00,5570.46,0,1984.48,4849.41,0,559.83,33.42,0,0,0,0
14991,21,1021,9/3/16 0:00,5570.46,0,1967.07,4849.15,0,559.83,33.43,0,0,0,0
14991,21,1021,9/17/16 0:00,5570.46,0,1671.14,5310.92,0,664.8,39.68,0,0,0,0
14991,21,1022,4/18/15 0:00,0,0,467.79,0,0,0,0,0,0,0,0
14991,21,1022,5/30/15 0:00,0,0,340.21,0,0,0,0,0,0,0,0
14991,21,1022,9/5/15 0:00,0,0,491.18,0,0,0,0,0,0,0,0
14991,21,1022,10/17/15 0:00,0,0,491.18,0,0,0,0,0,0,0,0
14991,21,1022,1/23/16 0:00,0,0,491.18,0,0,0,0,0,0,0,0
14991,21,1022,3/19/16 0:00,0,0,502.37,0,0,0,0,0,0,0,0
14991,21,1022,6/11/16 0:00,0,0,1027.58,0,0,0,0,0,0,0,0
14991,21,001022CACHF,3/19/16 0:00,0,0,685.05,0,0,0,0,0,0,0,0
14991,21,001022JUL4F,7/11/15 0:00,0,0,552.84,0,0,0,0,0,0,0,0
14991,21,001022PMONA,8/8/15 0:00,0,0,1272.61,0,0,0,0,0,0,0,0
14991,21,001022RTE66,9/19/15 0:00,0,0,1696.81,0,0,0,0,0,0,0,0
14991,21,001022RTE66,10/3/15 0:00,0,0,446.53,0,0,0,0,0,0,0,0
14991,21,1026,2/7/15 0:00,0,0,276.42,0,0,0,0,0,0,0,0
14991,21,1026,3/21/15 0:00,0,0,212.62,0,0,0,0,0,0,0,0
14991,21,1026,4/4/15 0:00,0,0,106.32,0,0,0,0,0,0,0,0
14991,21,1026,6/27/15 0:00,0,0,297.69,0,0,0,0,0,0,0,0
14991,21,1026,7/25/15 0:00,0,0,223.26,0,0,0,0,0,0,0,0
14991,21,1026,12/12/15 0:00,0,0,290.24,0,0,0,0,0,0,0,0
14991,21,1026,1/23/16 0:00,0,0,267.92,0,0,0,0,0,0,0,0
14991,21,1026,4/30/16 0:00,0,0,388.19,0,0,0,0,0,0,0,0
14991,21,1026,6/25/16 0:00,0,0,319.69,0,0,0,0,0,0,0,0
14991,21,015309GR1401MDOPS,3/21/15 0:00,0,0,425.27,0,0,0,0,0,0,0,0
14991,21,015309GR1401MDOPS,7/11/15 0:00,0,0,425.27,0,0,0,0,0,0,0,0
14991,21,015309GR1401PPOPS,3/21/15 0:00,0,0,425.27,0,0,0,0,0,0,0,0
14991,21,015309GR1401SATUR,4/18/15 0:00,0,0,680.43,0,0,0,0,0,0,0,0
14991,21,015309GR1401SHTOP,2/21/15 0:00,0,0,425.27,0,0,0,0,0,0,0,0
14991,21,015309GR1401SHTOP,3/21/15 0:00,0,0,425.27,0,0,0,0,0,0,0,0
14991,21,015309GR1401SHTOP,7/11/15 0:00,0,0,233.9,0,0,0,0,0,0,0,0
14991,21,015309GR1401YEDTR,2/7/15 0:00,0,0,361.48,0,0,0,0,0,0,0,0
14991,21,015309GR1401YEDTR,5/30/15 0:00,0,0,127.58,0,0,0,0,0,0,0,0
14991,21,015309GR1401YEDTR,6/27/15 0:00,0,0,127.58,0,0,0,0,0,0,0,0
14991,21,015309GR1401YEDTR,7/11/15 0:00,0,0,255.16,0,0,0,0,0,0,0,0
14991,21,015309GR1401YEDTR,9/5/15 0:00,0,0,312.57,0,0,0,0,0,0,0,0
14991,21,015309GR1401YEDTR,9/19/15 0:00,0,0,580.49,0,0,0,0,0,0,0,0
14991,21,015309GR1508LIMIT,11/28/15 0:00,0,0,446.53,0,0,0,0,0,0,0,0
14991,21,015309GR1508LIMIT,1/23/16 0:00,0,0,401.88,0,0,0,0,0,0,0,0
14991,21,015309GR1508LIMIT,2/20/16 0:00,0,0,446.53,0,0,0,0,0,0,0,0
14991,21,015309GR1508LIMIT,4/30/16 0:00,0,0,456.7,0,0,0,0,0,0,0,0
14991,21,015309GR1508LIMIT,5/28/16 0:00,0,0,456.7,0,0,0,0,0,0,0,0
14991,21,015309GR1508LIMIT,6/11/16 0:00,0,0,456.7,0,0,0,0,0,0,0,0
14991,21,015309GR1508MDOPS,12/12/15 0:00,0,0,446.53,0,0,0,0,0,0,0,0
14991,21,015309GR1508MDOPS,5/28/16 0:00,0,0,456.7,0,0,0,0,0,0,0,0
14991,21,015309GR1508PPOPS,5/28/16 0:00,0,0,913.4,0,0,0,0,0,0,0,0
14991,21,015309GR1508SHTOP,12/12/15 0:00,0,0,446.53,0,0,0,0,0,0,0,0
14991,21,015309GR1508SHTOP,5/28/16 0:00,0,0,456.7,0,0,0,0,0,0,0,0
14991,21,015309GR1508YEDTR,4/30/16 0:00,0,0,479.54,0,0,0,0,0,0,0,0
14991,21,015309GR1508YEDTR,5/28/16 0:00,0,0,456.7,0,0,0,0,0,0,0,0
15001,39,1021,1/10/15 0:00,4690.99,0,1759.12,4846.23,0,648.24,38.91,0,0,0,0
15001,39,1021,1/24/15 0:00,4690.99,0,3122.44,3394.87,0,559.84,33.42,0,0,0,0
15001,39,1021,2/7/15 0:00,4690.98,0,1319.34,4086.5,0,471.44,28.36,0,0,0,0
15001,39,1021,2/21/15 0:00,4690.99,0,3342.33,4869.19,0,648.24,38.91,0,0,0,0
15001,39,1021,3/7/15 0:00,4690.99,0,1495.25,4089.06,0,471.44,28.36,0,0,0,0
15001,39,1021,3/21/15 0:00,4690.98,0,1143.43,4083.96,0,471.44,28.35,0,0,0,0
15001,39,1021,4/4/15 0:00,4690.98,0,2726.64,4106.91,0,471.44,28.36,0,0,0,0
15001,39,1021,4/18/15 0:00,4690.99,0,3870.06,4127.33,0,471.44,28.35,0,0,0,0
15001,39,1021,5/2/15 0:00,4690.99,0,1143.43,4083.96,0,471.44,28.36,0,0,0,0
15001,39,1021,5/16/15 0:00,4690.98,0,4309.84,4129.87,0,471.44,28.36,0,0,0,0
15001,39,1021,5/30/15 0:00,9381.97,0,2814.59,4552.88,0,559.84,33.63,0,0,0,0
15001,39,1021,6/13/15 0:00,4690.98,0,1583.21,4090.33,0,471.44,28.36,0,0,0,0
15001,39,1021,6/27/15 0:00,4690.99,0,3430.28,4117.13,0,471.44,28.35,0,0,0,0
15001,39,1021,7/11/15 0:00,4690.99,0,1407.3,4253.44,0,471.44,28.36,0,0,0,0
15001,39,1022,4/18/15 0:00,0,0,263.87,0,0,0,0,0,0,0,0
15001,39,1039,7/25/15 0:00,4925.54,0,3786.51,3198.64,0,495.02,29.55,0,0,0,0
15001,39,1039,8/8/15 0:00,4925.54,0,1985.61,4292.35,0,495.02,29.76,0,0,0,0
15001,39,1039,8/22/15 0:00,4925.54,0,2585.91,4301.05,0,495.02,29.77,0,0,0,0
15001,39,1039,9/5/15 0:00,4925.54,0,1847.08,4290.34,0,495.02,29.76,0,0,0,0
15001,39,1039,9/19/15 0:00,4925.53,0,4617.69,4650.22,0,569.27,34.2,0,0,0,0
15001,39,1039,10/3/15 0:00,4925.54,0,2031.78,4293.02,0,495.02,29.76,0,0,0,0
15001,39,1039,10/17/15 0:00,4925.53,0,2724.44,4622.78,0,569.27,34.2,0,0,0,0
15001,39,1039,10/31/15 0:00,4925.54,0,2355.02,4722.59,0,590.5,29.76,950,0,0,0
15001,39,1039,11/14/15 0:00,4925.53,0,3232.38,4710.06,0,587.83,35.3,0,0,0,0
15001,39,1039,11/28/15 0:00,15266.06,0,3853.45,6500.05,0,852.04,51.08,0,0,0,0
15001,39,1039,12/12/15 0:00,5171.81,0,2230.34,4453.08,0,519.77,31.24,0,0,0,0
15001,39,1039,12/26/15 0:00,5171.8,0,3103.09,3345.91,0,519.77,31.03,0,0,0,0
15001,39,1039,1/9/16 0:00,5171.81,0,2909.14,5327.4,0,714.68,42.88,0,0,0,0
15001,39,1039,1/23/16 0:00,5171.81,0,2618.23,4483.9,0,519.77,31.24,0,0,0,0
15001,39,1039,2/6/16 0:00,5171.81,0,2909.14,4488.11,0,519.77,31.24,0,0,0,0
15001,39,1039,2/20/16 0:00,5171.81,0,4460.68,4930.26,0,617.22,37.06,0,0,0,0
15001,39,1039,3/5/16 0:00,5171.81,0,4396.04,4509.68,0,519.77,31.24,0,0,0,0
15001,39,1039,3/19/16 0:00,5171.81,0,4977.86,4518.11,0,519.77,31.24,0,0,0,0
15001,39,1039,4/2/16 0:00,5171.81,0,4396.04,4509.67,0,519.77,31.24,0,0,0,0
15001,39,1039,4/16/16 0:00,5171.81,0,4396.04,4509.67,0,519.77,31.24,0,0,0,0
15001,39,1039,4/30/16 0:00,5171.81,0,1600.03,4469.14,0,519.77,31.24,0,0,0,0
15001,39,1039,5/14/16 0:00,5171.81,0,5753.64,4529.36,0,519.77,31.24,0,0,0,0
15001,39,1039,5/28/16 0:00,11636.57,0,3426.32,4589.35,0,519.77,31.24,0,0,0,0
15001,39,1039,6/11/16 0:00,5171.81,0,1163.66,4462.8,0,519.77,31.25,0,0,0,0
15001,39,1039,6/25/16 0:00,5171.81,0,2941.46,4488.58,0,519.77,31.24,0,0,0,0
15001,39,1039,7/9/16 0:00,5171.81,0,2909.14,4661.22,0,519.77,31.24,0,0,0,0
15001,39,1039,7/23/16 0:00,5729.07,0,2882.44,3775.53,0,575.77,34.37,0,0,0,0
15001,39,1039,8/6/16 0:00,5729.08,0,1879.85,4906.04,0,575.77,34.59,0,0,0,0
15001,39,1039,8/20/16 0:00,5729.07,0,4332.61,4941.59,0,575.77,34.58,0,0,0,0
15001,39,1039,9/3/16 0:00,5729.07,0,4493.74,4943.92,0,575.77,34.58,0,0,0,0
15001,39,1039,9/17/16 0:00,5729.07,0,2542.27,4915.62,0,575.77,34.59,0,0,0,0
15123,19,1019,1/10/15 0:00,4257.17,0,798.22,4119.99,0,508.07,30.33,0,0,0,0
15123,19,1019,1/24/15 0:00,4257.18,0,159.64,2710.72,0,427.85,25.55,0,0,0,0
15123,19,1019,2/7/15 0:00,4257.18,0,478.93,3770.05,0,427.85,25.54,0,0,0,0
15123,19,1019,2/21/15 0:00,4257.18,0,1037.69,4139.68,0,508.07,30.33,0,0,0,0
15123,19,1019,3/7/15 0:00,4257.18,0,79.82,3790.31,0,427.85,25.55,0,0,0,0
15123,19,1019,3/21/15 0:00,4257.18,0,319.29,3770.06,0,427.85,25.54,0,0,0,0
15123,19,1019,4/4/15 0:00,4257.17,0,478.94,3769.46,0,427.85,25.54,0,0,0,0
15123,19,1019,3/19/16 0:00,4788.08,0,448.88,4208.48,0,481.2,28.73,0,0,0,0
15123,19,1019,4/2/16 0:00,4788.08,0,448.88,4169.43,0,481.2,28.73,0,0,0,0
15123,19,1019,4/16/16 0:00,4788.08,0,1436.42,4183.74,0,481.2,28.73,0,0,0,0
15123,19,1019,4/30/16 0:00,4788.08,0,403.99,4181.8,0,481.2,28.72,0,0,0,0
15123,19,1019,5/14/16 0:00,4788.08,0,2947.66,4205.66,0,481.2,28.73,0,0,0,0
15123,19,1019,5/28/16 0:00,9341.59,0,2617.84,4650.17,0,564.11,33.68,0,0,0,0
15123,19,1019,6/11/16 0:00,5787.5,0,3250.85,4771.13,0,569.27,33.99,0,0,0,0
15123,19,1019,6/25/16 0:00,5171.81,0,1874.78,4435.03,0,519.77,31.03,0,0,0,0
15123,19,1019,7/9/16 0:00,5171.81,0,4589.97,5099.6,0,617.22,36.85,0,0,0,0
15123,19,1019,7/23/16 0:00,5456.25,0,3103.24,3600.95,0,548.35,32.74,0,0,0,0
15123,19,1019,8/6/16 0:00,5456.26,0,3103.24,4707.88,0,548.35,32.73,0,0,0,0
15123,19,1019,8/20/16 0:00,5456.26,0,1773.28,4697.5,0,548.35,32.74,0,0,0,0
15123,19,1019,9/3/16 0:00,5456.26,0,1568.67,4691.57,0,548.35,32.74,0,0,0,0
15123,19,1019,9/17/16 0:00,5456.26,0,2250.71,4732.61,0,548.35,32.74,0,0,0,0
15123,19,001019RTE66,9/17/16 0:00,0,0,2046.1,0,0,0,0,0,0,0,0
15123,19,1021,3/21/15 0:00,0,0,159.64,0,0,0,0,0,0,0,0
15123,19,1021,4/4/15 0:00,0,0,439.02,0,0,0,0,0,0,0,0
15123,19,1021,4/18/15 0:00,4422.5,0,1484.06,3874.96,0,444.46,26.54,0,0,0,0
15123,19,1021,5/2/15 0:00,4339.85,0,284.8,3811.52,0,436.15,26.04,0,0,0,0
15123,19,1021,5/16/15 0:00,4363.71,0,736.37,3841.5,0,438.55,26.18,0,0,0,0
15123,19,1021,5/30/15 0:00,7636.48,0,1063.66,4240.52,0,520.78,31.09,0,0,0,0
15123,19,1021,6/13/15 0:00,4363.71,0,245.46,3826.07,0,438.55,26.18,0,0,0,0
15123,19,1021,6/27/15 0:00,4363.71,0,1309.11,3855.14,0,438.55,26.18,0,0,0,0
15123,19,1021,7/11/15 0:00,4363.71,0,122.73,3981.93,0,438.55,26.19,0,0,0,0
15123,19,1021,7/25/15 0:00,4719.35,0,1415.81,3032.66,0,474.29,28.31,0,0,0,0
15123,19,1021,8/8/15 0:00,4719.35,0,353.95,4118.89,0,474.29,28.32,0,0,0,0
15123,19,1021,8/22/15 0:00,4719.35,0,1268.33,4095.79,0,474.29,28.32,0,0,0,0
15123,19,1021,9/5/15 0:00,5131.72,0,701.9,4313.58,0,515.74,30.79,0,0,0,0
15123,19,1021,9/19/15 0:00,4925.53,0,1431.49,4678.65,0,587.83,35.09,0,0,0,0
15123,19,1021,10/3/15 0:00,4925.53,0,0,4238.15,0,495.02,29.55,0,0,0,0
15123,19,1021,10/17/15 0:00,4925.53,0,923.54,4639.14,0,587.83,35.1,0,0,0,0
15123,19,1021,10/31/15 0:00,4925.54,0,369.42,4656.36,0,590.5,29.55,950,0,0,0
15123,19,1021,11/14/15 0:00,4925.53,0,2401.2,4668.6,0,587.83,35.1,0,0,0,0
15123,19,1021,11/28/15 0:00,9851.07,0,1754.72,4722.61,0,587.83,35.09,0,0,0,0
15123,19,1021,12/12/15 0:00,4925.54,0,1108.24,4251.56,0,495.02,29.55,0,0,0,0
15123,19,1021,12/26/15 0:00,4925.54,0,1477.66,3564.82,0,587.83,35.1,0,0,0,0
15123,19,1021,1/9/16 0:00,4925.54,0,1708.55,4675.1,0,587.83,35.09,0,0,0,0
15123,19,1021,1/23/16 0:00,4925.53,0,1893.25,4677.75,0,587.83,35.1,0,0,0,0
15123,19,1021,2/6/16 0:00,4788.08,0,1301.76,4181.8,0,481.2,28.73,0,0,0,0
15123,19,1021,2/20/16 0:00,4788.08,0,2289.3,4584.62,0,571.43,34.11,0,0,0,0
15123,19,1021,3/5/16 0:00,4788.08,0,1346.65,4182.45,0,481.2,28.73,0,0,0,0
15123,19,1021,3/19/16 0:00,0,0,1077.32,0,0,0,0,0,0,0,0
15123,19,1022,4/4/15 0:00,0,0,79.82,0,0,0,0,0,0,0,0
15123,19,1022,5/30/15 0:00,0,0,327.28,0,0,0,0,0,0,0,0
15123,19,1022,6/27/15 0:00,0,0,940.93,0,0,0,0,0,0,0,0
15123,19,001022CACHF,3/19/16 0:00,0,0,1167.1,0,0,0,0,0,0,0,0
15123,19,001022PMONA,8/8/15 0:00,0,0,1327.32,0,0,0,0,0,0,0,0
15123,19,001022RTE66,9/19/15 0:00,0,0,2216.49,0,0,0,0,0,0,0,0
15123,19,001022RTE66,10/3/15 0:00,0,0,831.18,0,0,0,0,0,0,0,0
15123,19,001022USMAR,1/10/15 0:00,0,0,798.22,0,0,0,0,0,0,0,0
15123,19,001022USMAR,1/24/15 0:00,0,0,718.4,0,0,0,0,0,0,0,0
15123,19,001022USMAR,2/7/15 0:00,0,0,558.76,0,0,0,0,0,0,0,0
15123,19,001022USMAR,2/21/15 0:00,0,0,1556.53,0,0,0,0,0,0,0,0
15123,19,001022USMAR,3/7/15 0:00,0,0,2035.46,0,0,0,0,0,0,0,0
15123,19,001022USMAR,3/21/15 0:00,0,0,558.76,0,0,0,0,0,0,0,0
15123,19,1195,2/21/15 0:00,0,0,359.2,0,0,0,0,0,0,0,0
15123,19,1195,3/7/15 0:00,0,0,319.29,0,0,0,0,0,0,0,0
15123,19,1195,4/18/15 0:00,0,0,650.98,0,0,0,0,0,0,0,0
15123,19,1195,5/16/15 0:00,0,0,572.74,0,0,0,0,0,0,0,0
15123,19,1195,11/14/15 0:00,0,0,554.12,0,0,0,0,0,0,0,0
15123,19,1195,12/12/15 0:00,0,0,646.48,0,0,0,0,0,0,0,0
15123,19,1195,3/19/16 0:00,0,0,448.88,0,0,0,0,0,0,0,0
15123,19,1195,4/30/16 0:00,0,0,897.77,0,0,0,0,0,0,0,0
15123,19,1195,8/20/16 0:00,0,0,613.83,0,0,0,0,0,0,0,0
15123,19,1195,9/3/16 0:00,0,0,409.22,0,0,0,0,0,0,0,0
15123,19,1195,9/17/16 0:00,0,0,511.52,0,0,0,0,0,0,0,0
17072,43,1043,1/10/15 0:00,5691.48,0,2083.49,4388.63,0,597.53,34.32,0,0,0,0
17072,43,1043,1/24/15 0:00,5691.48,0,2083.49,3400.36,0,597.53,34.15,0,0,0,0
17072,43,1043,2/7/15 0:00,5691.48,0,2153.36,4262.04,0,571.99,34.42,0,0,0,0
17072,43,1043,2/21/15 0:00,5691.48,0,2293.11,4406.88,0,597.53,34.42,0,0,0,0
17072,43,1043,3/7/15 0:00,5691.48,0,838.48,4242.97,0,571.99,34.42,0,0,0,0
17072,43,1043,3/21/15 0:00,5691.48,0,3912.9,4430.37,0,597.53,34.41,0,0,0,0
17072,43,1043,4/4/15 0:00,5691.48,0,5742.3,4456.9,0,597.53,34.42,0,0,0,0
17072,43,1043,4/18/15 0:00,5965.68,0,0,4386.24,0,599.55,36.06,0,0,0,0
17072,43,1043,5/2/15 0:00,5965.68,0,2183.87,4567.62,0,626.32,36.07,0,0,0,0
17072,43,1043,5/16/15 0:00,5965.68,0,6152.11,4479.51,0,599.55,36.06,0,0,0,0
17072,43,1043,5/30/15 0:00,5965.69,0,1205.13,4553.43,0,626.32,36.06,0,0,0,0
17072,43,1043,6/13/15 0:00,5965.69,0,4634.06,4453.45,0,599.55,36.06,0,0,0,0
17072,43,1043,6/27/15 0:00,5965.68,0,6018.96,4623.22,0,626.32,36.07,0,0,0,0
17072,43,1043,7/11/15 0:00,5965.68,0,2183.87,5207.76,0,746.92,36.06,1200,0,0,0
17072,43,1043,7/25/15 0:00,6253.6,0,6030.26,3647.56,0,628.49,37.52,0,0,0,0
17072,43,1043,8/8/15 0:00,6253.61,0,4298.29,4782.88,0,656.44,37.79,0,0,0,0
17072,43,1043,8/22/15 0:00,6253.61,0,4020.18,4621.91,0,628.49,37.79,0,0,0,0
17072,43,1043,9/5/15 0:00,6253.6,0,4299.36,4783.49,0,656.54,37.79,0,0,0,0
17072,43,1043,9/19/15 0:00,6253.6,0,12486.28,4902.2,0,656.54,37.79,0,0,0,0
17072,43,1043,10/3/15 0:00,6253.6,0,2512.61,4600.04,0,628.49,37.79,0,0,0,0
17072,43,1043,10/17/15 0:00,6253.61,0,656.07,4730.66,0,656.55,37.79,0,0,0,0
17072,43,1043,10/31/15 0:00,6253.6,0,2345.1,4597.61,0,628.49,37.79,0,0,0,0
17072,43,1043,11/14/15 0:00,6253.6,0,3852.67,18825.92,0,1666.61,37.79,0,0,10050.44,0
17072,43,1043,11/28/15 0:00,23004.33,0,2805.75,4847.17,0,628.49,37.79,0,0,0,0
17072,43,1043,12/12/15 0:00,6253.6,0,2289.27,4754.35,0,656.54,37.79,0,0,0,0
17072,43,1043,12/26/15 0:00,6253.6,0,2289.27,3750.87,0,656.54,37.52,0,0,0,0
17072,43,1043,1/9/16 0:00,6253.61,0,2010.09,4624.62,0,628.49,37.79,0,0,0,0
17072,43,1043,1/23/16 0:00,6253.6,0,488.56,4763.13,0,656.54,37.79,0,0,0,0
17072,43,1043,2/6/16 0:00,6253.6,0,4941.47,4667.11,0,628.49,37.79,0,0,0,0
17072,43,1043,2/20/16 0:00,6253.6,0,4969.39,4825.07,0,656.54,37.79,0,0,0,0
17072,43,1043,3/5/16 0:00,6253.6,0,2289.27,4786.2,0,656.54,37.79,0,0,0,0
17072,43,1043,3/19/16 0:00,6253.6,0,8668.5,4721.15,0,628.49,37.79,0,0,0,0
17072,43,1043,4/2/16 0:00,6253.61,0,2289.27,4786.21,0,656.55,37.79,0,0,0,0
17072,43,1043,4/16/16 0:00,6253.6,0,6469.97,4689.27,0,628.49,37.79,0,0,0,0
17072,43,1043,4/30/16 0:00,6253.6,0,4299.36,4815.35,0,656.54,37.79,0,0,0,0
17072,43,1043,5/14/16 0:00,6253.6,0,1758.83,4620.97,0,628.49,37.79,0,0,0,0
17072,43,1043,5/28/16 0:00,6253.6,0,6895.72,4855.73,0,656.54,37.79,0,0,0,0
17072,43,1043,6/11/16 0:00,6253.6,0,2289.27,4789.24,0,656.54,37.79,0,0,0,0
17072,43,1043,6/25/16 0:00,6253.61,0,4020.18,4653.76,0,628.49,37.79,0,0,0,0
17072,43,1043,7/9/16 0:00,6253.6,0,279.18,5417.81,0,777.14,37.79,1200,0,0,0
17072,43,1043,7/23/16 0:00,6586.16,0,6924.28,3874.24,0,661.91,39.52,0,0,0,0
17072,43,1043,8/6/16 0:00,6586.16,0,4526.67,5041.08,0,691.33,39.78,0,0,0,0
17072,43,1043,8/20/16 0:00,6586.16,0,12510.76,5157.6,0,691.46,39.79,0,0,0,0
17072,43,1043,9/3/16 0:00,6586.16,0,11466.97,4975.44,0,661.91,39.78,0,0,0,0
17072,43,1043,9/17/16 0:00,6586.16,0,7174.21,5080.22,0,691.46,39.79,0,0,0,0
17072,43,1045,5/16/15 0:00,0,0,279.64,0,0,0,0,0,0,0,0
17072,43,1045,1/23/16 0:00,0,0,209.39,0,0,0,0,0,0,0,0
17072,43,1045,5/28/16 0:00,0,0,188.45,0,0,0,0,0,0,0,0
17072,43,1045,6/11/16 0:00,0,0,209.38,0,0,0,0,0,0,0,0
17104,161,34161,1/10/15 0:00,4629.9,0,0,1859.75,0,29.17,27.99,0,0,0,0
17104,161,34161,1/24/15 0:00,4629.89,0,0,1385.52,0,29.17,27.78,0,0,0,0
17104,161,34161,2/7/15 0:00,4629.89,0,0,1859.75,0,29.17,27.99,0,0,0,0
17104,161,34161,2/21/15 0:00,4629.89,0,0,1859.74,0,29.17,27.99,0,0,0,0
17104,161,34161,3/7/15 0:00,4629.9,0,0,1859.75,0,29.17,27.99,0,0,0,0
17104,161,34161,3/21/15 0:00,4629.89,0,0,1859.74,0,29.17,27.99,0,0,0,0
17104,161,34161,4/4/15 0:00,4629.89,0,0,1859.74,0,29.17,27.98,0,0,0,0
17104,161,34161,4/18/15 0:00,4629.89,0,0,1859.75,0,29.17,27.99,0,0,0,0
17104,161,34161,5/2/15 0:00,4629.89,0,0,1859.74,0,29.17,27.99,0,0,0,0
17104,161,34161,5/16/15 0:00,4629.89,0,0,1859.75,0,29.17,27.99,0,0,0,0
17104,161,34161,5/30/15 0:00,4629.89,0,0,1859.74,0,29.17,27.99,0,0,0,0
17104,161,34161,6/13/15 0:00,4629.89,0,0,1859.75,0,29.17,27.99,0,0,0,0
17104,161,34161,6/27/15 0:00,4629.89,0,0,1859.74,0,29.17,27.99,0,0,0,0
17104,161,34161,7/11/15 0:00,4629.89,0,0,1906.17,0,29.17,27.99,0,0,0,0
17104,161,34161,7/25/15 0:00,4887.78,0,0,1403.28,0,30.79,29.33,0,0,0,0
17104,161,34161,8/8/15 0:00,4887.78,0,0,1877.49,0,30.79,29.53,0,0,0,0
17104,161,34161,8/22/15 0:00,4887.78,0,0,1877.49,0,30.79,29.54,0,0,0,0
17104,161,34161,9/5/15 0:00,4887.78,0,0,1877.5,0,30.79,29.54,0,0,0,0
17104,161,34161,9/19/15 0:00,4887.78,0,0,1877.49,0,30.79,29.53,0,0,0,0
17104,161,34161,10/3/15 0:00,4887.78,0,0,1877.49,0,30.79,29.54,0,0,0,0
17104,161,34161,10/17/15 0:00,4887.78,0,0,1877.5,0,30.79,29.54,0,0,0,0
17104,161,34161,10/31/15 0:00,4887.78,0,0,1877.48,0,30.79,29.53,0,0,0,0
17104,161,34161,11/14/15 0:00,4887.78,0,0,1877.5,0,30.79,29.54,0,0,0,0
17104,161,34161,11/28/15 0:00,10997.5,0,0,1690.59,0,30.79,29.54,0,0,0,0
17104,161,34161,12/12/15 0:00,4887.78,0,0,1562,0,30.79,29.53,0,0,0,0
17104,161,34161,12/26/15 0:00,4887.78,0,0,1100.24,0,30.79,29.33,0,0,0,0
17104,161,34161,1/9/16 0:00,4887.78,0,0,1905.27,0,30.79,29.54,0,0,0,0
17104,161,34161,1/23/16 0:00,4887.78,0,0,1905.27,0,30.79,29.53,0,0,0,0
17104,161,34161,2/6/16 0:00,4887.78,0,0,1905.27,0,30.79,29.54,0,0,0,0
17104,161,34161,2/20/16 0:00,4887.78,0,0,1905.28,0,30.79,29.54,0,0,0,0
17104,161,34161,3/5/16 0:00,4887.78,0,0,1905.27,0,30.79,29.53,0,0,0,0
17104,161,34161,3/19/16 0:00,4887.78,0,0,1905.27,0,30.79,29.54,0,0,0,0
17104,161,34161,4/2/16 0:00,4887.78,0,0,1905.27,0,30.79,29.54,0,0,0,0
17104,161,34161,4/16/16 0:00,4887.78,0,0,1905.27,0,30.79,29.53,0,0,0,0
17104,161,34161,4/30/16 0:00,4887.78,0,0,1905.27,0,30.79,29.54,0,0,0,0
17104,161,34161,5/14/16 0:00,4887.78,0,0,1905.28,0,30.79,29.54,0,0,0,0
17104,161,34161,5/28/16 0:00,4521.2,0,0,1762.38,0,28.48,27.32,0,0,0,0
17104,161,34161,6/11/16 0:00,2749.39,0,0,1071.72,0,17.32,16.62,0,0,0,0
17104,161,34161,6/25/16 0:00,3299.25,0,0,1286.07,0,20.78,19.94,0,0,0,0
17104,161,34161,7/9/16 0:00,2566.09,0,0,1027.24,0,16.16,15.5,0,0,0,0
17104,161,34161,7/23/16 0:00,4102.99,0,0,1190.72,0,25.85,24.62,0,0,0,0
17104,161,34161,8/6/16 0:00,4413.82,0,0,1726.43,0,27.81,26.67,0,0,0,0
17104,161,34161,8/20/16 0:00,2859.65,0,0,1118.54,0,18.01,17.28,0,0,0,0
17104,161,34161,9/3/16 0:00,1802.83,0,0,705.17,0,11.36,10.89,0,0,0,0
17104,161,34161,9/17/16 0:00,2362.33,0,0,924.01,0,14.88,14.27,0,0,0,0
17104,161,034161OIAAT,5/28/16 0:00,366.58,0,0,142.89,0,2.31,2.21,0,0,0,0
17104,161,034161OIAAT,6/11/16 0:00,2138.4,0,0,833.55,0,13.47,12.92,0,0,0,0
17104,161,034161OIAAT,6/25/16 0:00,1588.53,0,0,619.2,0,10.01,9.6,0,0,0,0
17104,161,034161OIAAT,7/9/16 0:00,2321.69,0,0,929.4,0,14.63,14.03,0,0,0,0
17104,161,034161OIAAT,7/23/16 0:00,870.33,0,0,252.58,0,5.48,5.22,0,0,0,0
17104,161,034161OIAAT,8/6/16 0:00,559.5,0,0,218.85,0,3.52,3.38,0,0,0,0
17104,161,034161OIAAT,8/20/16 0:00,2113.66,0,0,826.74,0,13.32,12.77,0,0,0,0
17104,161,034161OIAAT,9/3/16 0:00,3170.49,0,0,1240.11,0,19.97,19.16,0,0,0,0
17104,161,034161OIAAT,9/17/16 0:00,2610.99,0,0,1021.27,0,16.45,15.78,0,0,0,0
17226,43,1043,1/10/15 0:00,5965.68,0,506.02,4571.45,0,626.32,36.16,0,0,0,0
17226,43,1043,1/24/15 0:00,5965.69,0,985.41,3546.77,0,626.32,35.79,0,0,0,0
17226,43,1043,2/7/15 0:00,5965.68,0,339.56,4404.11,0,599.55,36.06,0,0,0,0
17226,43,1043,2/21/15 0:00,5965.68,0,266.33,4552.75,0,626.32,36.06,0,0,0,0
17226,43,1043,3/7/15 0:00,5965.68,0,0,4399.18,0,599.55,36.07,0,0,0,0
17226,43,1043,3/21/15 0:00,5965.68,0,4101.41,4608.36,0,626.32,36.06,0,0,0,0
17226,43,1043,4/4/15 0:00,5965.69,0,266.33,4552.76,0,626.32,36.06,0,0,0,0
17226,43,1043,4/18/15 0:00,5965.68,0,0,4399.19,0,599.55,36.06,0,0,0,0
17226,43,1043,5/2/15 0:00,5965.68,0,2183.87,4524.94,0,626.32,36.07,0,0,0,0
17226,43,1043,5/16/15 0:00,5965.69,0,0,4313.6,0,599.55,36.06,0,0,0,0
17226,43,1043,5/30/15 0:00,5965.68,0,266.33,4478.61,0,626.32,36.06,0,0,0,0
17226,43,1043,6/13/15 0:00,5965.68,0,0,4325.04,0,599.55,36.07,0,0,0,0
17226,43,1043,6/27/15 0:00,5965.69,0,266.33,4463.3,0,626.32,36.06,0,0,0,0
17226,43,1043,7/11/15 0:00,5965.69,0,266.33,5103.43,0,746.92,36.06,1200,0,0,0
17226,43,1043,7/25/15 0:00,6253.6,0,0,3462.97,0,628.49,37.52,0,0,0,0
17226,43,1043,8/8/15 0:00,6253.6,0,277.57,4643.42,0,656.38,37.79,0,0,0,0
17226,43,1043,8/22/15 0:00,6253.61,0,6030.26,4664,0,628.49,37.79,0,0,0,0
17226,43,1043,9/5/15 0:00,6253.6,0,6309.44,4825.57,0,656.54,37.79,0,0,0,0
17226,43,1043,9/19/15 0:00,6253.6,0,16548.33,4974.05,0,656.54,37.79,0,0,0,0
17226,43,1043,10/3/15 0:00,6253.6,0,2596.36,4614.19,0,628.49,37.79,0,0,0,0
17226,43,1043,10/17/15 0:00,6253.6,0,6979.47,4835.29,0,656.54,37.79,0,0,0,0
17226,43,1043,10/31/15 0:00,6253.6,0,0,4576.54,0,628.49,37.79,0,0,0,0
17226,43,1043,11/14/15 0:00,6253.6,0,3266.39,18830.36,0,1666.61,37.79,0,0,10050.44,0
17226,43,1043,11/28/15 0:00,6253.61,0,4020.18,4634.85,0,628.49,37.79,0,0,0,0
17226,43,1043,12/12/15 0:00,6253.6,0,5011.26,4806.75,0,656.54,37.79,0,0,0,0
17226,43,1043,12/26/15 0:00,6253.61,0,279.18,3721.73,0,656.55,37.52,0,0,0,0
17226,43,1043,1/9/16 0:00,6253.61,0,2010.09,4637.59,0,628.49,37.79,0,0,0,0
17226,43,1043,1/23/16 0:00,6253.6,0,2289.27,4799.17,0,656.54,37.79,0,0,0,0
17226,43,1043,2/6/16 0:00,6253.6,0,0,4530.71,0,628.49,37.79,0,0,0,0
17226,43,1043,2/20/16 0:00,6253.6,0,279.18,4692.3,0,656.54,37.79,0,0,0,0
17226,43,1043,3/5/16 0:00,6253.6,0,279.18,4676.71,0,656.54,37.79,0,0,0,0
17226,43,1043,3/19/16 0:00,6253.6,0,0,4519.16,0,628.49,37.79,0,0,0,0
17226,43,1043,4/2/16 0:00,6253.6,0,279.18,4676.71,0,656.54,37.79,0,0,0,0
17226,43,1043,4/16/16 0:00,6253.6,0,0,4519.16,0,628.49,37.79,0,0,0,0
17226,43,1043,4/30/16 0:00,6253.61,0,279.18,4711.74,0,656.55,37.79,0,0,0,0
17226,43,1043,5/14/16 0:00,6253.6,0,3894.55,4664.9,0,628.49,37.79,0,0,0,0
17226,43,1043,5/28/16 0:00,6253.6,0,2289.27,4799.18,0,656.54,37.79,0,0,0,0
17226,43,1043,6/11/16 0:00,6253.6,0,4299.36,4828.32,0,656.54,37.79,0,0,0,0
17226,43,1043,6/25/16 0:00,6253.6,0,8040.35,4725.01,0,628.49,37.79,0,0,0,0
17226,43,1043,7/9/16 0:00,6253.61,0,9010.5,5557.39,0,777.15,37.79,1200,0,0,0
17226,43,1043,7/23/16 0:00,6586.16,0,2690.33,3812.84,0,661.91,39.52,0,0,0,0
17226,43,1043,8/6/16 0:00,6586.16,0,12108.99,5149.13,0,690.97,39.78,0,0,0,0
17226,43,1043,8/20/16 0:00,6586.16,0,294.03,4980.55,0,691.46,39.79,0,0,0,0
17226,43,1043,9/3/16 0:00,6586.16,0,6703.77,4906.48,0,661.91,39.78,0,0,0,0
17226,43,1043,9/17/16 0:00,6586.16,0,2411.01,5011.25,0,691.46,39.79,0,0,0,0
18006,43,1043,1/10/15 0:00,5094.65,0,312.73,3981.71,0,534.87,30.62,0,0,0,0
18006,43,1043,1/24/15 0:00,5094.65,0,2683.79,3065.16,0,534.87,30.57,0,0,0,0
18006,43,1043,2/7/15 0:00,5094.65,0,1842.26,3871.09,0,512.01,30.63,0,0,0,0
18006,43,1043,2/21/15 0:00,5094.65,0,1916.18,4000.01,0,534.87,30.62,0,0,0,0
18006,43,1043,3/7/15 0:00,5094.65,0,1978.73,3883.71,0,512.01,30.63,0,0,0,0
18006,43,1043,3/21/15 0:00,5094.65,0,4406.64,4036.12,0,534.87,30.63,0,0,0,0
18006,43,1043,4/4/15 0:00,5094.65,0,5140.13,4046.76,0,534.87,30.62,0,0,0,0
18006,43,1043,4/18/15 0:00,5094.65,0,3735.69,3898.54,0,512.01,30.63,0,0,0,0
18006,43,1043,5/2/15 0:00,5094.65,0,3502.56,4025.98,0,534.87,30.63,0,0,0,0
18006,43,1043,5/16/15 0:00,5094.65,0,2388.11,3896.32,0,512.01,30.62,0,0,0,0
18006,43,1043,5/30/15 0:00,5094.65,0,3161.41,4027.96,0,534.87,30.63,0,0,0,0
18006,43,1043,6/13/15 0:00,5094.65,0,3616.29,3906.21,0,512.01,30.62,0,0,0,0
18006,43,1043,6/27/15 0:00,5094.65,0,10462.22,4125.91,0,534.87,30.63,0,0,0,0
18006,43,1043,7/11/15 0:00,5094.65,0,5276.6,4668.62,0,655.47,30.63,1200,0,0,0
18006,43,1043,7/25/15 0:00,5339.01,0,4719.31,3116.32,0,536.57,32.03,0,0,0,0
18006,43,1043,8/8/15 0:00,5339.01,0,15683.36,4356.89,0,560.52,32.09,0,0,0,0
18006,43,1043,8/22/15 0:00,5339.02,0,3575.24,4056.14,0,536.57,32.1,0,0,0,0
18006,43,1043,9/5/15 0:00,5339.01,0,1096.41,4157.56,0,560.52,32.09,0,0,0,0
18006,43,1043,9/19/15 0:00,5339.02,0,8818.91,4259.43,0,560.53,32.09,0,0,0,0
18006,43,1043,10/3/15 0:00,5339.01,0,9438.62,4131.82,0,536.57,32.09,0,0,0,0
18006,43,1043,10/17/15 0:00,5339.01,0,595.87,4164.56,0,560.52,32.1,0,0,0,0
18006,43,1043,10/31/15 0:00,5339.01,0,2359.65,4029.19,0,536.57,32.09,0,0,0,0
18006,43,1043,11/14/15 0:00,5339.02,0,4469.05,16191.64,0,1422.88,32.09,0,0,8580.56,0
18006,43,1043,11/28/15 0:00,5339.01,0,2752.93,4034.88,0,536.57,32.09,0,0,0,0
18006,43,1043,12/12/15 0:00,5339.02,0,595.87,4138.12,0,560.53,32.1,0,0,0,0
18006,43,1043,12/26/15 0:00,5339.02,0,4099.6,3233.55,0,560.53,32.03,0,0,0,0
18006,43,1043,1/9/16 0:00,5339.01,0,1716.11,4051.73,0,536.57,32.09,0,0,0,0
18006,43,1043,1/23/16 0:00,5339.01,0,3277.3,4208.88,0,560.52,32.1,0,0,0,0
18006,43,1043,2/6/16 0:00,5339.01,0,2145.14,4065.73,0,536.57,32.09,0,0,0,0
18006,43,1043,2/20/16 0:00,5339.01,0,3670.57,4223.66,0,560.52,32.09,0,0,0,0
18006,43,1043,3/5/16 0:00,5339.02,0,5350.93,4238.94,0,560.53,32.09,0,0,0,0
18006,43,1043,3/19/16 0:00,5339.02,0,1716.11,4057.96,0,536.57,32.1,0,0,0,0
18006,43,1043,4/2/16 0:00,5339.01,0,3366.68,4210.17,0,560.52,32.09,0,0,0,0
18006,43,1043,4/16/16 0:00,5339.01,0,4826.56,4096.84,0,536.57,32.09,0,0,0,0
18006,43,1043,4/30/16 0:00,5339.01,0,4600.14,4236.61,0,560.52,32.09,0,0,0,0
18006,43,1043,5/14/16 0:00,5339.01,0,3074.7,4079.21,0,536.57,32.1,0,0,0,0
18006,43,1043,5/28/16 0:00,5339.02,0,3670.57,4214.58,0,560.53,32.09,0,0,0,0
18006,43,1043,6/11/16 0:00,5339.02,0,1954.46,4189.7,0,560.53,32.09,0,0,0,0
18006,43,1043,6/25/16 0:00,5339.01,0,6864.45,4135.2,0,536.57,32.09,0,0,0,0
18006,43,1043,7/9/16 0:00,5339.01,0,4421.37,4863.57,0,681.12,32.1,1200,0,0,0
18006,43,1043,7/23/16 0:00,5621.27,0,3613.67,3273.49,0,564.94,33.72,0,0,0,0
18006,43,1043,8/6/16 0:00,5621.27,0,6799.7,4447.65,0,589.83,33.79,0,0,0,0
18006,43,1043,8/20/16 0:00,5621.26,0,18319.29,4616.52,0,590.16,33.79,0,0,0,0
18006,43,1043,9/3/16 0:00,5621.27,0,4140.66,4268.39,0,564.94,33.78,0,0,0,0
18006,43,1043,9/17/16 0:00,5621.26,0,1003.8,4365.45,0,590.16,33.79,0,0,0,0
18006,43,1044,1/24/15 0:00,0,0,648.2,0,0,0,0,0,0,0,0
18006,43,1044,3/7/15 0:00,0,0,733.49,0,0,0,0,0,0,0,0
18006,43,1044,5/16/15 0:00,0,0,1194.06,0,0,0,0,0,0,0,0
18006,43,1044,5/30/15 0:00,0,0,682.32,0,0,0,0,0,0,0,0
18006,43,1044,6/13/15 0:00,0,0,648.2,0,0,0,0,0,0,0,0
18006,43,1044,6/27/15 0:00,0,0,136.46,0,0,0,0,0,0,0,0
18006,43,1044,7/25/15 0:00,0,0,572.04,0,0,0,0,0,0,0,0
18006,43,1044,8/22/15 0:00,0,0,643.54,0,0,0,0,0,0,0,0
18006,43,1044,9/19/15 0:00,0,0,143.01,0,0,0,0,0,0,0,0
18006,43,1044,10/17/15 0:00,0,0,1823.37,0,0,0,0,0,0,0,0
18006,43,1044,2/20/16 0:00,0,0,625.67,0,0,0,0,0,0,0,0
18006,43,1044,3/19/16 0:00,0,0,429.03,0,0,0,0,0,0,0,0
18006,43,1044,4/30/16 0:00,0,0,589.91,0,0,0,0,0,0,0,0
18006,43,1044,5/14/16 0:00,0,0,536.29,0,0,0,0,0,0,0,0
18006,43,1044,6/25/16 0:00,0,0,607.79,0,0,0,0,0,0,0,0
18006,43,1045,1/10/15 0:00,0,0,341.16,0,0,0,0,0,0,0,0
18006,43,1045,5/2/15 0:00,0,0,204.7,0,0,0,0,0,0,0,0
18006,43,1045,9/5/15 0:00,0,0,840.18,0,0,0,0,0,0,0,0
18006,43,1045,11/14/15 0:00,0,0,214.51,0,0,0,0,0,0,0,0
18006,43,1045,2/6/16 0:00,0,0,536.28,0,0,0,0,0,0,0,0
18576,162,34162,1/10/15 0:00,3035.33,0,71.14,1684.63,0,19.12,18.42,0,0,0,0
18576,162,34162,1/24/15 0:00,3945.95,0,263.93,1192.8,0,24.86,23.68,0,0,0,0
18576,162,34162,2/7/15 0:00,3187.09,0,418.31,1756.4,0,20.08,19.33,0,0,0,0
18576,162,34162,2/21/15 0:00,3296.65,0,552.76,1799.3,0,20.77,19.99,0,0,0,0
18576,162,34162,3/7/15 0:00,3226.93,0,761.91,1794.55,0,20.33,19.57,0,0,0,0
18576,162,34162,3/21/15 0:00,3037.7,0,642.4,1729.06,0,19.14,18.44,0,0,0,0
18576,162,34162,4/4/15 0:00,3266.77,0,74.7,1753.84,0,20.58,19.81,0,0,0,0
18576,162,34162,4/18/15 0:00,3107.41,0,403.37,1731.53,0,19.58,18.85,0,0,0,0
18576,162,34162,5/2/15 0:00,3187.09,0,373.49,1752.96,0,20.08,19.34,0,0,0,0
18576,162,34162,5/16/15 0:00,3187.09,0,0,1724.4,0,20.08,19.33,0,0,0,0
18576,162,34162,5/30/15 0:00,11154.83,0,89.64,2340.78,0,20.08,19.33,0,0,0,0
18576,162,34162,6/13/15 0:00,3366.37,0,493,1815.5,0,21.21,20.41,0,0,0,0
18576,162,34162,6/27/15 0:00,3187.09,0,0,1724.39,0,20.08,19.33,0,0,0,0
18576,162,34162,7/11/15 0:00,3187.1,0,0,1756.37,0,20.08,19.34,0,0,0,0
18576,162,34162,7/25/15 0:00,3364.61,0,583.55,1003.55,0,21.2,20.18,0,0,0,0
18576,162,34162,8/8/15 0:00,3364.62,0,0,1736.68,0,21.2,20.4,0,0,0,0
18576,162,34162,8/22/15 0:00,3312.04,0,0,1721.68,0,20.87,20.08,0,0,0,0
18576,162,34162,9/5/15 0:00,3354.1,0,268.12,1754.2,0,21.13,20.34,0,0,0,0
18576,162,34162,9/19/15 0:00,3364.61,0,0,1736.68,0,21.2,20.4,0,0,0,0
18576,162,34162,10/3/15 0:00,3364.62,0,0,1736.67,0,21.2,20.39,0,0,0,0
18576,162,34162,10/17/15 0:00,3364.62,0,0,1736.68,0,21.2,20.4,0,0,0,0
18576,162,34162,10/31/15 0:00,3364.62,0,0,1736.68,0,21.2,20.4,0,0,0,0
18576,162,34162,11/14/15 0:00,3196.38,0,268.12,1709.19,0,20.14,19.39,0,0,0,0
18576,162,34162,11/28/15 0:00,3743.13,0,0,1765.63,0,21.2,22.67,0,0,0,0
18576,162,34162,12/12/15 0:00,3532.85,0,252.35,1803.99,0,22.26,21.4,0,0,0,0
18576,162,34162,12/26/15 0:00,3574.9,0,252.35,959.16,0,20.14,21.45,0,0,0,0
18576,162,34162,1/9/16 0:00,3553.87,0,0,1834.82,0,22.39,21.53,0,0,0,0
18576,162,34162,1/23/16 0:00,3343.58,0,31.54,1777.22,0,21.06,20.27,0,0,0,0
18576,162,34162,2/6/16 0:00,3364.61,0,520.46,1820.62,0,21.2,20.4,0,0,0,0
18576,162,34162,2/20/16 0:00,3364.61,0,599.32,1826.65,0,21.2,20.4,0,0,0,0
18576,162,34162,3/5/16 0:00,4878.67,0,1111.11,2297.8,0,30.74,29.48,0,0,0,0
18576,162,34162,3/19/16 0:00,3532.84,0,596.17,1874.41,0,22.26,21.41,0,0,0,0
18576,162,34162,4/2/16 0:00,3532.84,0,0,1828.81,0,22.26,21.41,0,0,0,0
18576,162,34162,4/16/16 0:00,3532.84,0,0,1828.81,0,22.26,21.4,0,0,0,0
18576,162,34162,4/30/16 0:00,3356.19,0,480.25,1815.17,0,21.14,20.35,0,0,0,0
18576,162,34162,5/14/16 0:00,3709.48,0,480.25,1915.94,0,23.37,22.47,0,0,0,0
18576,162,34162,5/28/16 0:00,3532.84,0,728.65,1884.56,0,22.26,21.4,0,0,0,0
18576,162,34162,6/11/16 0:00,3488.68,0,529.93,1856.74,0,21.98,21.15,0,0,0,0
18576,162,34162,6/25/16 0:00,3577,0,463.69,1876.88,0,22.54,21.67,0,0,0,0
18576,162,34162,7/9/16 0:00,3532.84,0,430.57,1898.88,0,22.26,21.41,0,0,0,0
18576,162,34162,7/23/16 0:00,3594.66,0,539.2,1077.08,0,22.65,21.56,0,0,0,0
18576,162,34162,8/6/16 0:00,3605.9,0,741.4,1917.68,0,22.72,21.85,0,0,0,0
18576,162,34162,8/20/16 0:00,3583.44,0,1213.2,1947.31,0,22.58,21.71,0,0,0,0
18576,162,34162,9/3/16 0:00,3617.13,0,876.2,1931.24,0,22.79,21.91,0,0,0,0
18576,162,34162,9/17/16 0:00,3190.26,0,859.35,1722.12,0,20.1,19.34,0,0,0,0
18576,162,034162OIAAT,9/17/16 0:00,337,0,0,181.92,0,2.12,2.04,0,0,0,0
18606,161,34162,1/10/15 0:00,2466.68,0,0,1461.46,0,15.54,14.8,0,0,0,0
18606,161,34162,1/24/15 0:00,2466.68,0,0,732.1,0,15.54,14.8,0,0,0,0
18606,161,34162,2/7/15 0:00,2466.68,0,0,1461.46,0,15.54,14.8,0,0,0,0
18606,161,34162,2/21/15 0:00,2466.69,0,0,1461.48,0,15.54,14.8,0,0,0,0
18606,161,34162,3/7/15 0:00,2466.68,0,0,1461.46,0,15.54,14.8,0,0,0,0
18606,161,34162,3/21/15 0:00,2466.68,0,0,1461.47,0,15.54,14.8,0,0,0,0
18606,161,34162,4/4/15 0:00,2466.68,0,0,1461.46,0,15.54,14.8,0,0,0,0
18606,161,34162,4/18/15 0:00,2466.68,0,0,1461.48,0,15.54,14.8,0,0,0,0
18606,161,34162,5/2/15 0:00,2466.68,0,0,1461.46,0,15.54,14.8,0,0,0,0
18606,161,34162,5/16/15 0:00,2466.68,0,11.56,1462.36,0,15.54,14.8,0,0,0,0
18606,161,34162,5/30/15 0:00,2466.69,0,0,1461.47,0,15.54,14.8,0,0,0,0
18606,161,34162,6/13/15 0:00,2466.68,0,0,1461.47,0,15.54,14.8,0,0,0,0
18606,161,34162,6/27/15 0:00,2466.68,0,0,1461.46,0,15.54,14.8,0,0,0,0
18606,161,34162,7/11/15 0:00,2466.68,0,11.56,1487.1,0,15.54,14.8,0,0,0,0
18606,161,34162,7/25/15 0:00,2604.08,0,12.21,742.85,0,16.41,15.63,0,0,0,0
18606,161,34162,8/8/15 0:00,2604.08,0,0,1471.3,0,16.41,15.62,0,0,0,0
18606,161,34162,8/22/15 0:00,2604.08,0,0,1471.29,0,16.41,15.62,0,0,0,0
18606,161,34162,9/5/15 0:00,2604.07,0,24.41,1473.16,0,16.41,15.63,0,0,0,0
18606,161,34162,9/19/15 0:00,2604.08,0,0,1471.3,0,16.41,15.62,0,0,0,0
18606,161,34162,10/3/15 0:00,2604.08,0,0,1471.29,0,16.41,15.63,0,0,0,0
18606,161,34162,10/17/15 0:00,2604.08,0,0,1471.3,0,16.41,15.62,0,0,0,0
18606,161,34162,10/31/15 0:00,3124.89,0,0,1619.89,0,19.69,18.75,0,0,0,0
18606,161,34162,11/14/15 0:00,2734.28,0,0,1621.48,0,17.23,16.62,0,0,0,0
18606,161,34162,11/28/15 0:00,2734.28,0,0,1546.1,0,17.23,16.61,0,0,0,0
18606,161,34162,12/12/15 0:00,2734.28,0,0,1546.12,0,17.23,16.62,0,0,0,0
18606,161,34162,12/26/15 0:00,2734.29,0,0,779.06,0,17.23,16.4,0,0,0,0
18606,161,34162,1/9/16 0:00,2734.28,0,0,1597.61,0,17.23,16.62,0,0,0,0
18606,161,34162,1/23/16 0:00,2734.28,0,0,1597.62,0,17.23,16.61,0,0,0,0
18606,161,34162,2/6/16 0:00,2734.27,0,0,1597.62,0,17.23,16.62,0,0,0,0
18606,161,34162,2/20/16 0:00,2734.28,0,0,1597.62,0,17.23,16.61,0,0,0,0
18606,161,34162,3/5/16 0:00,2734.28,0,0,1597.61,0,17.23,16.62,0,0,0,0
18606,161,34162,3/19/16 0:00,2734.27,0,25.63,1599.58,0,17.23,16.61,0,0,0,0
18606,161,34162,4/2/16 0:00,2734.28,0,0,1597.61,0,17.23,16.62,0,0,0,0
18606,161,34162,4/16/16 0:00,2734.28,0,0,1597.63,0,17.23,16.62,0,0,0,0
18606,161,34162,4/30/16 0:00,2734.28,0,0,1597.61,0,17.23,16.61,0,0,0,0
18606,161,34162,5/14/16 0:00,2734.28,0,0,1597.61,0,17.23,16.62,0,0,0,0
18606,161,34162,5/28/16 0:00,2734.28,0,0,1597.62,0,17.23,16.61,0,0,0,0
18606,161,34162,6/11/16 0:00,2734.29,0,0,1597.61,0,17.23,16.62,0,0,0,0
18606,161,34162,6/25/16 0:00,2734.29,0,0,1597.63,0,17.23,16.61,0,0,0,0
18606,161,34162,7/9/16 0:00,2734.28,0,0,1626.35,0,17.23,16.62,0,0,0,0
18606,161,34162,7/23/16 0:00,2809.41,0,0,809.42,0,17.7,16.86,0,0,0,0
18606,161,34162,8/6/16 0:00,2809.41,0,0,1627.97,0,17.7,17.06,0,0,0,0
18606,161,34162,8/20/16 0:00,2809.41,0,13.17,1628.99,0,17.7,17.07,0,0,0,0
18606,161,34162,9/3/16 0:00,2809.41,0,0,1627.97,0,17.7,17.07,0,0,0,0
18606,161,34162,9/17/16 0:00,2949.88,0,0,1668.49,0,18.58,17.9,0,0,0,0
18893,45,1045,1/10/15 0:00,3754.48,0,0,1637.61,0,23.65,22.73,0,0,0,0
18893,45,1045,1/24/15 0:00,3754.47,0,0,1123.1,0,23.65,22.53,0,0,0,0
18893,45,1045,2/7/15 0:00,3754.47,0,0,1637.62,0,23.65,22.74,0,0,0,0
18893,45,1045,2/21/15 0:00,3754.47,0,0,1637.62,0,23.65,22.73,0,0,0,0
18893,45,1045,3/7/15 0:00,3754.47,0,0,1637.63,0,23.65,22.74,0,0,0,0
18893,45,1045,3/21/15 0:00,3754.47,0,0,1637.61,0,23.65,22.74,0,0,0,0
18893,45,1045,4/4/15 0:00,3754.47,0,0,1637.63,0,23.65,22.73,0,0,0,0
18893,45,1045,4/18/15 0:00,3754.47,0,0,1637.62,0,23.65,22.74,0,0,0,0
18893,45,1045,5/2/15 0:00,3754.47,0,0,1637.62,0,23.65,22.74,0,0,0,0
18893,45,1045,5/16/15 0:00,3754.47,0,0,1637.62,0,23.65,22.74,0,0,0,0
18893,45,1045,5/30/15 0:00,3754.47,0,0,1637.62,0,23.65,22.73,0,0,0,0
18893,45,1045,6/13/15 0:00,3754.47,0,0,1637.62,0,23.65,22.74,0,0,0,0
18893,45,1045,6/27/15 0:00,3754.47,0,0,1742.35,0,26.17,22.74,400,0,0,0
18893,45,1045,7/11/15 0:00,3754.47,0,0,1675.26,0,23.65,22.73,0,0,0,0
18893,45,1045,7/25/15 0:00,3963.6,0,0,1137.76,0,24.97,23.78,0,0,0,0
18893,45,1045,8/8/15 0:00,3963.6,0,0,1652.28,0,24.97,24,0,0,0,0
18893,45,1045,8/22/15 0:00,3963.6,0,0,1652.28,0,24.97,23.99,0,0,0,0
18893,45,1045,9/5/15 0:00,3963.6,0,0,1652.28,0,24.97,23.99,0,0,0,0
18893,45,1045,9/19/15 0:00,3963.6,0,0,1652.28,0,24.97,23.99,0,0,0,0
18893,45,1045,10/3/15 0:00,3963.6,0,0,1652.27,0,24.97,23.99,0,0,0,0
18893,45,1045,10/17/15 0:00,3963.6,0,0,1652.28,0,24.97,23.99,0,0,0,0
18893,45,1045,10/31/15 0:00,3963.6,0,0,1652.29,0,24.97,24,0,0,0,0
18893,45,1045,11/14/15 0:00,3963.6,0,0,1652.28,0,24.97,23.99,0,0,0,0
18893,45,1045,11/28/15 0:00,6936.3,0,0,1879.69,0,24.97,23.99,0,0,0,0
18893,45,1045,12/12/15 0:00,3963.6,0,0,1652.28,0,24.97,23.99,0,0,0,0
18893,45,1045,12/26/15 0:00,3963.6,0,0,1137.75,0,24.97,23.78,0,0,0,0
18893,45,1045,1/9/16 0:00,3963.6,0,0,1600.57,0,24.97,23.99,0,0,0,0
18893,45,1045,1/23/16 0:00,3963.6,0,0,1600.58,0,24.97,23.99,0,0,0,0
18893,45,1045,2/6/16 0:00,3963.6,0,0,1600.56,0,24.97,23.99,0,0,0,0
18893,45,1045,2/20/16 0:00,3963.6,0,0,1600.57,0,24.97,24,0,0,0,0
18893,45,1045,3/5/16 0:00,3963.6,0,0,1600.58,0,24.97,23.99,0,0,0,0
18893,45,1045,3/19/16 0:00,3963.6,0,0,1600.57,0,24.97,23.99,0,0,0,0
18893,45,1045,4/2/16 0:00,3963.6,0,0,1600.56,0,24.97,23.99,0,0,0,0
18893,45,1045,4/16/16 0:00,3963.6,0,0,1600.58,0,24.97,23.99,0,0,0,0
18893,45,1045,4/30/16 0:00,3963.6,0,0,1600.57,0,24.97,23.99,0,0,0,0
18893,45,1045,5/14/16 0:00,3963.6,0,0,1600.57,0,24.97,24,0,0,0,0
18893,45,1045,5/28/16 0:00,3963.6,0,0,1600.57,0,24.97,23.99,0,0,0,0
18893,45,1045,6/11/16 0:00,3963.6,0,0,1600.57,0,24.97,23.99,0,0,0,0
18893,45,1045,6/25/16 0:00,3963.6,0,0,1700.3,0,27.49,23.99,400,0,0,0
18893,45,1045,7/9/16 0:00,3963.6,0,0,1642.23,0,24.97,23.99,0,0,0,0
18893,45,1045,7/23/16 0:00,4032.96,0,0,1170.27,0,25.41,24.2,0,0,0,0
18893,45,1045,8/6/16 0:00,4032.96,0,0,1633.1,0,25.41,24.41,0,0,0,0
18893,45,1045,8/20/16 0:00,4032.96,0,0,1633.1,0,25.41,24.41,0,0,0,0
18893,45,1045,9/3/16 0:00,4032.96,0,0,1633.09,0,25.41,24.4,0,0,0,0
18893,45,1045,9/17/16 0:00,4032.96,0,0,1633.1,0,25.41,24.41,0,0,0,0
19429,161,34161,1/10/15 0:00,1944.74,0,191.91,1274.26,0,12.25,11.88,0,0,0,0
19429,161,34161,1/24/15 0:00,2047.09,0,182.32,541.67,0,12.9,12.28,0,0,0,0
19429,161,34161,2/7/15 0:00,2197.09,0,470.44,1335.21,0,12.96,12.49,0,0,0,0
19429,161,34161,2/21/15 0:00,2047.1,0,76.77,1291.85,0,12.9,12.49,0,0,0,0
19429,161,34161,3/7/15 0:00,2149.45,0,259.09,1332.17,0,13.54,13.11,0,0,0,0
19429,161,34161,3/21/15 0:00,2126.98,0,628.17,1339.83,0,12.89,12.46,0,0,0,0
19429,161,34161,4/4/15 0:00,2194.45,0,84.64,1323.01,0,13.57,13.11,0,0,0,0
19429,161,34161,4/18/15 0:00,2149.45,0,382.87,1341.63,0,13.54,13.1,0,0,0,0
19429,161,34161,5/2/15 0:00,2279.45,0,686.15,1376.8,0,13.61,13.11,0,0,0,0
19429,161,34161,5/16/15 0:00,2149.45,0,171.28,1325.45,0,13.54,13.11,0,0,0,0
19429,161,34161,5/30/15 0:00,2149.44,0,30.23,1314.66,0,13.54,13.1,0,0,0,0
19429,161,34161,6/13/15 0:00,2299.45,0,524.14,1365.79,0,13.61,13.11,0,0,0,0
19429,161,34161,6/27/15 0:00,2149.45,0,90.68,1319.29,0,13.54,13.11,0,0,0,0
19429,161,34161,7/11/15 0:00,2149.45,0,151.13,1345.47,0,13.54,13.1,0,0,0,0
19429,161,34161,7/25/15 0:00,2419.17,0,930.54,693.42,0,14.4,13.62,0,0,0,0
19429,161,34161,8/8/15 0:00,2269.17,0,436.11,1399.33,0,14.3,13.82,0,0,0,0
19429,161,34161,8/22/15 0:00,2269.17,0,255.28,1385.51,0,14.3,13.83,0,0,0,0
19429,161,34161,9/5/15 0:00,2419.17,0,1070.65,1462.72,0,14.41,13.83,0,0,0,0
19429,161,34161,9/19/15 0:00,2269.17,0,191.46,1380.62,0,14.3,13.82,0,0,0,0
19429,161,34161,10/3/15 0:00,2294.18,0,149.84,1379.52,0,14.3,13.83,0,0,0,0
19429,161,34161,10/17/15 0:00,2419.17,0,962.31,1454.07,0,14.39,13.82,0,0,0,0
19429,161,34161,10/31/15 0:00,2269.17,0,106.37,1374.12,0,14.3,13.83,0,0,0,0
19429,161,34161,11/14/15 0:00,2269.17,0,425.47,1398.52,0,14.3,13.82,0,0,0,0
19429,161,34161,11/28/15 0:00,2396.81,0,1276.41,1497.81,0,15.1,14.59,0,0,0,0
19429,161,34161,12/12/15 0:00,2396.82,0,-74.46,1394.47,0,15.1,14.59,0,0,0,0
19429,161,34161,12/26/15 0:00,2269.17,0,31.91,610.18,0,14.3,13.62,0,0,0,0
19429,161,34161,1/9/16 0:00,2419.17,0,659.48,1484.88,0,14.3,13.83,0,0,0,0
19429,161,34161,1/23/16 0:00,2269.17,0,31.91,1425.38,0,14.3,13.82,0,0,0,0
19429,161,34161,2/6/16 0:00,2269.17,0,276.56,1444.11,0,14.3,13.83,0,0,0,0
19429,161,34161,2/20/16 0:00,2374.18,0,774.18,1491.8,0,14.35,13.82,0,0,0,0
19429,161,34161,3/5/16 0:00,2314.17,0,272.41,1448.48,0,14.34,13.83,0,0,0,0
19429,161,34161,3/19/16 0:00,2294.18,0,171.32,1438.19,0,14.3,13.82,0,0,0,0
19429,161,34161,4/2/16 0:00,2419.17,0,746.99,1494.05,0,14.38,13.83,0,0,0,0
19429,161,34161,4/16/16 0:00,2269.17,0,180.82,1355.09,0,14.3,13.82,0,0,0,0
19429,161,34161,4/30/16 0:00,2269.17,0,234.01,1359.17,0,14.3,13.83,0,0,0,0
19429,161,34161,5/14/16 0:00,2986.46,0,951.81,1559.33,0,17.96,17.22,0,0,0,0
19429,161,34161,5/28/16 0:00,2382.63,0,167.53,1380.37,0,15.01,14.51,0,0,0,0
19429,161,34161,6/11/16 0:00,2382.64,0,134.02,1377.81,0,15.01,14.51,0,0,0,0
19429,161,34161,6/25/16 0:00,2532.63,0,942.36,1453.51,0,15.11,14.5,0,0,0,0
19429,161,34161,7/9/16 0:00,2382.63,0,33.51,1395.17,0,15.01,14.51,0,0,0,0
19429,161,34161,7/23/16 0:00,2424.32,0,102.28,595.3,0,15.27,14.54,0,0,0,0
19429,161,34161,8/6/16 0:00,2574.33,0,11.36,1415.06,0,15.27,14.76,0,0,0,0
19429,161,34161,8/20/16 0:00,2424.33,0,113.64,1411.4,0,15.27,14.76,0,0,0,0
19429,161,34161,9/3/16 0:00,2394.03,0,68.18,1390.33,0,15.08,14.57,0,0,0,0
19429,161,34161,9/17/16 0:00,2362.2,0,125,1284.75,0,14.04,13.57,0,0,0,0
19429,161,034161OIAAT,9/3/16 0:00,30.3,0,0,17.6,0,0.19,0.18,0,0,0,0
19429,161,034161OIAAT,9/17/16 0:00,310.62,0,79.55,168.93,0,1.85,1.78,0,0,0,0
80139,248,1021,1/10/15 0:00,4467.77,0,1926.73,4662.51,0,617.39,37.07,0,0,0,0
80139,248,1021,1/24/15 0:00,4467.77,0,921.48,3203.56,0,533.2,31.84,0,0,0,0
80139,248,1021,2/7/15 0:00,4747.01,0,335.08,4098.91,0,477.07,28.69,0,0,0,0
80139,248,1021,2/21/15 0:00,4188.54,0,1326.37,3759.36,0,420.95,25.34,0,0,0,0
80139,248,1021,3/7/15 0:00,4747.01,0,628.28,4103.16,0,477.07,28.69,0,0,0,0
80139,248,1021,3/21/15 0:00,4188.54,0,921.48,3759.86,0,420.95,25.34,0,0,0,0
80139,248,1021,4/4/15 0:00,4747.01,0,209.43,4097.1,0,477.07,28.69,0,0,0,0
80139,248,1021,4/18/15 0:00,4188.54,0,1696.36,3764.71,0,420.95,25.35,0,0,0,0
80139,248,1021,5/2/15 0:00,4747.01,0,209.43,4097.1,0,477.07,28.69,0,0,0,0
80139,248,1021,5/16/15 0:00,4188.54,0,1340.33,3761.98,0,420.95,25.34,0,0,0,0
80139,248,1021,5/30/15 0:00,4747.01,0,314.14,4098.61,0,477.07,28.69,0,0,0,0
80139,248,1021,6/13/15 0:00,4188.54,0,1822.01,3766.54,0,420.95,25.34,0,0,0,0
80139,248,1021,6/27/15 0:00,4411.93,0,3015.75,3845.71,0,443.39,26.66,0,0,0,0
80139,248,1021,7/11/15 0:00,4188.54,0,1968.61,4339.21,0,513.56,30.87,0,0,0,0
80139,248,1022,3/21/15 0:00,0,0,439.8,0,0,0,0,0,0,0,0
80139,248,1036,5/16/15 0:00,0,0,167.54,0,0,0,0,0,0,0,0
80139,248,1036,6/27/15 0:00,335.08,0,0,292.08,0,33.68,2.03,0,0,0,0
80139,248,1039,7/25/15 0:00,4691.16,0,769.64,3005.3,0,471.46,28.15,0,0,0,0
80139,248,1039,8/8/15 0:00,4691.16,0,417.81,4111.2,0,471.46,28.36,0,0,0,0
80139,248,1039,8/22/15 0:00,4691.17,0,1451.33,4126.19,0,471.46,28.36,0,0,0,0
80139,248,1039,9/5/15 0:00,4691.16,0,615.72,4078.56,0,471.46,28.14,0,0,0,0
80139,248,1039,9/19/15 0:00,4691.16,0,1920.45,4097.48,0,471.46,28.15,0,0,0,0
80139,248,1039,10/3/15 0:00,4691.17,0,483.78,4076.66,0,471.46,28.15,0,0,0,0
80139,248,1039,10/17/15 0:00,6338.92,0,3170.93,5167.28,0,637.06,38.03,0,0,0,0
80139,248,1039,10/31/15 0:00,4925.72,0,1724,4669.22,0,590.51,29.55,950,0,0,0
80139,248,1039,11/14/15 0:00,4925.73,0,1816.36,4645.35,0,587.85,35.1,0,0,0,0
80139,248,1039,11/28/15 0:00,4925.72,0,1816.36,4245.67,0,495.03,29.55,0,0,0,0
80139,248,1039,12/12/15 0:00,4925.72,0,1531.59,4241.55,0,495.03,29.56,0,0,0,0
80139,248,1039,12/26/15 0:00,4925.73,0,1416.14,3164.37,0,495.04,29.55,0,0,0,0
80139,248,1039,1/9/16 0:00,4925.72,0,615.72,4253.45,0,495.03,29.55,0,0,0,0
80139,248,1039,1/23/16 0:00,4925.73,0,1508.5,4266.4,0,495.04,29.56,0,0,0,0
80139,248,1039,2/6/16 0:00,4925.72,0,1893.33,4271.98,0,495.03,29.55,0,0,0,0
80139,248,1039,2/20/16 0:00,4925.73,0,3786.65,4699.12,0,587.85,35.1,0,0,0,0
80139,248,1039,3/5/16 0:00,4925.73,0,985.14,4258.81,0,495.04,29.55,0,0,0,0
80139,248,1039,3/19/16 0:00,4925.72,0,2139.61,4275.55,0,495.03,29.56,0,0,0,0
80139,248,1039,4/2/16 0:00,4925.72,0,2432.07,4279.79,0,495.03,29.55,0,0,0,0
80139,248,1039,4/16/16 0:00,4925.72,0,1739.39,4269.74,0,495.03,29.56,0,0,0,0
80139,248,1039,4/30/16 0:00,4925.73,0,1831.75,4271.09,0,495.04,29.55,0,0,0,0
80139,248,1039,5/14/16 0:00,4925.72,0,1431.54,4265.28,0,495.03,29.55,0,0,0,0
80139,248,1039,5/28/16 0:00,4925.72,0,2478.26,4280.47,0,495.03,29.56,0,0,0,0
80139,248,1039,6/11/16 0:00,4925.72,0,3047.79,4288.71,0,495.03,29.55,0,0,0,0
80139,248,1039,6/25/16 0:00,4925.73,0,2062.65,4274.44,0,495.04,29.56,0,0,0,0
80139,248,1039,7/9/16 0:00,4925.73,0,2424.38,4444.55,0,495.04,29.55,0,0,0,0
80139,248,1248,7/23/16 0:00,5059.28,0,0,3297.23,0,508.46,30.36,0,0,0,0
80139,248,1248,8/6/16 0:00,5059.28,0,1517.78,4427.48,0,508.46,30.35,0,0,0,0
80139,248,1248,8/20/16 0:00,5059.28,0,711.46,3662,0,508.46,30.36,0,0,0,0
80139,248,1248,9/3/16 0:00,5059.28,0,47.43,4217.72,0,508.46,30.35,0,0,0,0
80139,248,1248,9/17/16 0:00,5059.28,0,822.13,4228.95,0,508.46,30.36,0,0,0,0
80161,32,1032,1/10/15 0:00,3369.96,0,1010.99,1977.45,0,21.23,20.43,0,0,0,0
80161,32,1032,1/24/15 0:00,3369.97,0,0,1007.82,0,21.23,20.22,0,0,0,0
80161,32,1032,2/7/15 0:00,3369.96,0,0,1900.12,0,21.23,20.43,0,0,0,0
80161,32,1032,2/21/15 0:00,3369.97,0,0,1900.11,0,21.23,20.43,0,0,0,0
80161,32,1032,3/7/15 0:00,3369.96,0,0,1900.11,0,21.23,20.43,0,0,0,0
80161,32,1032,8/8/15 0:00,0,0,268.14,0,0,0,0,0,0,0,0
80161,32,1032,2/20/16 0:00,3944.63,0,0,2056.34,0,24.85,23.88,0,0,0,0
80161,32,1032,3/5/16 0:00,3944.63,0,0,2056.34,0,24.85,23.88,0,0,0,0
80161,32,1032,3/19/16 0:00,3944.63,0,0,2056.34,0,24.85,23.87,0,0,0,0
80161,32,1032,4/2/16 0:00,3944.63,0,0,2056.35,0,24.85,23.88,0,0,0,0
80161,32,1032,4/16/16 0:00,3944.63,0,0,2056.34,0,24.85,23.88,0,0,0,0
80161,32,1032,4/30/16 0:00,3944.63,0,0,2056.33,0,24.85,23.88,0,0,0,0
80161,32,1032,5/14/16 0:00,3944.64,0,0,2056.34,0,24.85,23.88,0,0,0,0
80161,32,1032,5/28/16 0:00,3944.63,0,0,2056.34,0,24.85,23.87,0,0,0,0
80161,32,1032,6/11/16 0:00,3944.63,0,0,2056.34,0,24.85,23.88,0,0,0,0
80161,32,1032,6/25/16 0:00,3944.63,0,0,2056.34,0,24.85,23.88,0,0,0,0
80161,32,1032,7/9/16 0:00,3944.63,0,0,2097.8,0,24.85,23.88,0,0,0,0
80161,32,1032,7/23/16 0:00,4050.28,0,0,1175.31,0,25.52,24.3,0,0,0,0
80161,32,1032,8/6/16 0:00,4050.28,0,0,2099.36,0,25.52,24.51,0,0,0,0
80161,32,1032,8/20/16 0:00,4050.28,0,0,2099.37,0,25.52,24.51,0,0,0,0
80161,32,1032,9/3/16 0:00,4050.27,0,0,2099.36,0,25.52,24.51,0,0,0,0
80161,32,1032,9/17/16 0:00,4050.27,0,0,2099.36,0,25.52,24.52,0,0,0,0
80161,32,1048,3/21/15 0:00,3369.96,0,0,1900.12,0,21.23,20.43,0,0,0,0
80161,32,1048,4/4/15 0:00,3369.96,0,0,1900.1,0,21.23,20.43,0,0,0,0
80161,32,1048,4/18/15 0:00,3369.96,0,0,1900.12,0,21.23,20.43,0,0,0,0
80161,32,1048,5/2/15 0:00,3369.96,0,2401.1,2083.8,0,21.23,20.43,0,0,0,0
80161,32,1048,5/16/15 0:00,3369.96,0,0,1900.1,0,21.23,20.43,0,0,0,0
80161,32,1048,5/30/15 0:00,7582.42,0,0,2222.37,0,21.23,20.43,0,0,0,0
80161,32,1048,6/13/15 0:00,3369.96,0,0,1900.11,0,21.23,20.43,0,0,0,0
80161,32,1048,6/27/15 0:00,3369.96,0,0,2004.83,0,23.75,20.43,400,0,0,0
80161,32,1048,7/11/15 0:00,3369.96,0,0,1933.92,0,21.23,20.43,0,0,0,0
80161,32,1048,7/25/15 0:00,3575.22,0,0,1026.15,0,22.52,21.45,0,0,0,0
80161,32,1048,8/8/15 0:00,3575.22,0,670.35,1990.24,0,22.52,21.66,0,0,0,0
80161,32,1048,8/22/15 0:00,3748.98,0,702.93,2022.14,0,23.62,22.7,0,0,0,0
80161,32,1048,9/5/15 0:00,3748.98,0,808.37,2030.2,0,23.62,22.71,0,0,0,0
80161,32,1048,9/19/15 0:00,3748.97,0,0,2016.77,0,23.62,22.7,0,0,0,0
80161,32,1048,10/3/15 0:00,3748.98,0,1054.4,2049.03,0,23.62,22.7,0,0,0,0
80161,32,1048,10/17/15 0:00,3748.97,0,0,1968.37,0,23.62,22.71,0,0,0,0
80161,32,1048,10/31/15 0:00,3748.98,0,1230.13,2062.47,0,23.62,22.7,0,0,0,0
80161,32,1048,11/14/15 0:00,3748.97,0,0,1968.36,0,23.62,22.71,0,0,0,0
80161,32,1048,11/28/15 0:00,8435.2,0,0,2326.87,0,23.62,22.7,0,0,0,0
80161,32,1048,12/12/15 0:00,3748.98,0,632.64,2016.76,0,23.62,22.7,0,0,0,0
80161,32,1048,12/26/15 0:00,3748.97,0,808.37,1137.92,0,23.62,22.5,0,0,0,0
80161,32,1048,1/9/16 0:00,3748.97,0,0,2000.13,0,23.62,22.7,0,0,0,0
80161,32,1048,1/23/16 0:00,3748.97,0,1792.48,2137.26,0,23.62,22.71,0,0,0,0
80161,32,1048,2/6/16 0:00,3748.98,0,0,2000.13,0,23.62,22.7,0,0,0,0
80161,32,001048RTE66,9/19/15 0:00,0,0,632.64,0,0,0,0,0,0,0,0